dimhash,segments,segt
0x3228f6ffcdd96d6792b16797ce3c0af1,ClassesOfLiabilities=OtherLiabilities;,0
0xa259e3685246ffa265556e93a388767f,GeographicalAreas=ForeignCountries;TemporaryDifferenceUnusedTaxLossesAndUnusedTaxCredits=UnusedTaxExpiry2043;,0
0x7d8bc579752aaa68dc5cda358069e04d,GeographicalAreas=US;TemporaryDifferenceUnusedTaxLossesAndUnusedTaxCredits=UnusedTaxExpiry2040;,0
0x98f66b89f04c51424a275bf4a054eb1a,Maturity=LaterThanFiveYears;,0
0x0904195e947f584a8e500694ec9c0ca3,TemporaryDifferenceUnusedTaxLossesAndUnusedTaxCredits=UnusedTaxExpiry2034;,0
0xe3643efda4e863e25197b4a97cf77563,Maturity=LaterThanTwoYearsAndNotLaterThanThreeYears;Segments=FuelServices;,0
0x5c27984d7fee012bf2bb7a1dadf67794,DefinedBenefitPlans=PensionDefinedBenefitPlans;NetDefinedBenefitLiabilityAsset=PlanAssets;,0
0xedbf2f96da3cd17fb20891bd5c14d5c2,TypesOfRisks=CreditRisk;,0
0x6a42485c2d0c347b9f2b8ed19c0350b9,TemporaryDifferenceUnusedTaxLossesAndUnusedTaxCredits=UnusedTaxExpiry2029;,0
0x45c27388dee933b835bc03e616005142,SignificantInvestmentsInSubsidiaries=CamecoMarketingInc;,0
0x5af6f3bad24466892f5adaae815cfbde,ComponentsOfEquity=NoncontrollingInterests;SignificantInvestmentsInAssociates=WestinghouseElectricCompany;,0
0x39e484945d82ed7a5eaad1452014557f,GeographicalAreas=ForeignCountries;TemporaryDifferenceUnusedTaxLossesAndUnusedTaxCredits=UnusedTaxExpiry2038;,0
0x28b6a7b60b6a647cea1346e069933491,ClassesOfIntangibleAssetsAndGoodwill=IntellectualProperty;,0
0xaeca7334490189a7f11e46e0974c5d6e,CarryingAmountAccumulatedDepreciationAmortisationAndImpairmentAndGrossCarryingAmount=AccumulatedDepreciationAmortisationAndImpairment;ClassesOfIntangibleAssetsAndGoodwill=CustomerrelatedIntangibleAssets;,0
0xe6891c14a78963914a0e56eb1e28139e,Maturity=LaterThanOneYearAndNotLaterThanTwoYears;,0
0x7ecd7b9d733d95b81b0cd357c4286ae2,JointVentures=WattNewAggregatorLpWestinghouse;,0
0x6acbdde270f0d823abde544cae1f7c1d,GeographicalAreas=AsiaPacific;Segments=FuelServices;,0
0xc63556ff73dd99e4ab812fc62428093c,TemporaryDifferenceUnusedTaxLossesAndUnusedTaxCredits=DeferredTaxAssetsDefinedBenefitPlanActuarialLosses;,0
0x2d5bb84fb1ae95ec972ded519c2e6c8e,PastDueStatus=Current;TypeOfCustomer=CorporateCustomers;,0
0xa10b6b8f4ac53fa05bdfe1b1649fab1b,CarryingAmountAccumulatedDepreciationAmortisationAndImpairmentAndGrossCarryingAmount=GrossCarryingAmount;ClassesOfPropertyPlantAndEquipment=ConstructionInProgress;,0
0x37668a8e7900a8b2126ce9eeb22171a9,GeographicalAreas=CA;TemporaryDifferenceUnusedTaxLossesAndUnusedTaxCredits=UnusedTaxExpiry2027;,0
0x9c42087417fed139149c814496c6e3fc,CarryingAmountAccumulatedDepreciationAmortisationAndImpairmentAndGrossCarryingAmount=AccumulatedDepreciationAmortisationAndImpairment;,0
0xded83193f231d1621dc0b99650be1134,GeographicalAreas=CA;TemporaryDifferenceUnusedTaxLossesAndUnusedTaxCredits=UnusedTaxExpiry2026;,0
0x63455525bfcdf6a528cdbec5badf39ce,GeographicalAreas=CA;TemporaryDifferenceUnusedTaxLossesAndUnusedTaxCredits=UnusedTaxExpiry2041;,0
0xeca14ae96c7a8067014851cdbf8f6735,GeographicalAreas=CA;TemporaryDifferenceUnusedTaxLossesAndUnusedTaxCredits=UnusedTaxExpiry2035;,0
0x9b166973af6f2b502bdda186a063cda0,BorrowingsByName=SeriesF;,0
0x647a9c2c05305b156215548b8ba91f6d,PastDueStatus=Current;,0
0x656cb13e0a8714839f8eda0007ac8c9d,TypesOfSharebasedPaymentArrangements=CashSettledPlan;,0
0x74f2279a2120767ba2c6dc8ad22ecd4f,ClassesOfAssets=OtherAssets;DefinedBenefitPlans=PensionDefinedBenefitPlans;,0
0x5d0e74d9f87a3c152e31023c7204671d,CategoriesOfFinancialAssets=FinancialAssetsAtFairValueThroughProfitOrLossCategory;ClassesOfFinancialAssets=ForeignCurrencyContracts;,0
0x526050fd694d8d10a4faba5acefebe3c,GeographicalAreas=US;TemporaryDifferenceUnusedTaxLossesAndUnusedTaxCredits=UnusedTaxExpiry2028;,0
0x6053f29f68a91d154206e390683cc852,CarryingAmountAccumulatedDepreciationAmortisationAndImpairmentAndGrossCarryingAmount=GrossCarryingAmount;ClassesOfPropertyPlantAndEquipment=LandAndBuildings;,0
0x3224e1c4ffa97832e9ad9528b636a6dc,GeographicalAreas=ForeignCountries;TemporaryDifferenceUnusedTaxLossesAndUnusedTaxCredits=UnusedTaxExpiry2042;,0
0xf8ce1f48aff27ab814c0fd8bb1b6cc57,BorrowingsByName=ProductLoan;Maturity=NotLaterThanOneYear;ProductsAndServices=Uranium;,0
0xb26cf48356d3c099a1614fc8cb9dd5a4,MajorCustomers=MajorCustomerOfCamecoAllSegments;,0
0xfa4d00a03e8cf5878b8da9aa6fd62b87,Segments=OtherSegment;TypesOfContracts=Marketpricecontractsmember;,0
0x92b4cf242ff7f5ae20d74f5c1211d3ea,CategoriesOfFinancialLiabilities=FinancialLiabilitiesAtAmortisedCostCategory;ClassesOfFinancialAssets=ForeignCurrencyContracts;,0
0x5c65668df7a6bf739a52851159f689fd,Maturity=LaterThanFourYearsAndNotLaterThanFiveYears;Segments=Uranium;,0
0x1c29da18a224c72dfae7136218c152a0,GeographicalAreas=ForeignCountries;TemporaryDifferenceUnusedTaxLossesAndUnusedTaxCredits=UnusedTaxExpiry2027;,0
0xee83ae99081959f2bff7bde6f0303258,ClassesOfAssets=CanadianFixedIncome;DefinedBenefitPlans=PensionDefinedBenefitPlans;,0
0x19b53b88422b420bcb7b982811e6a266,ClassesOfFinancialLiabilities=InterestRateSwapContract;Maturity=LaterThanThreeYearsAndNotLaterThanFiveYears;,0
0x4244c8bee18f6b93199b555ccc3944e7,Segments=ReportableSegments;,0
0xe22371e0397f392b19da02b8beb80227,TypesOfSharebasedPaymentArrangements=PhantomStockOptionPlan;,0
0x8f268e9e57edda1a6bb6f3e3fe637ee1,GeographicalAreas=US;,0
0x348e3d0219fda53e55c328724cc447ae,PastDueStatus=LaterThanOneMonth;TypeOfCustomer=CorporateCustomers;,0
0x3b9d182aa110808999a5b6550213dc4d,ClassesOfFinancialLiabilities=LeaseLiabilities;Maturity=LaterThanThreeMonthsAndNotLaterThanOneYear;,0
0x79ded1a7041d716545ad22d25fd59f7c,CategoriesOfFinancialLiabilities=FinancialLiabilitiesAtFairValueThroughProfitOrLossDesignatedUponInitialRecognitionCategory;ClassesOfFinancialAssets=InterestRateSwapContract;,0
0x6d656a8d427d712d8ad76e9c44b0d643,CategoriesOfFinancialAssets=FinancialAssetsAtAmortisedCostCategory;,0
0x4e17d09744e4c0bb498745ea21251a96,GeographicalAreas=ForeignCountries;TemporaryDifferenceUnusedTaxLossesAndUnusedTaxCredits=UnusedTaxExpiry2032;,0
0xc98fa52d3f992dfa7ede9cb0a45ff600,SignificantInvestmentsInSubsidiaries=CamecoFuelManufacturingInc;,0
0x6d88fd7169df2587f84a299efe6bfc28,TemporaryDifferenceUnusedTaxLossesAndUnusedTaxCredits=DeferredTaxLiabilities;,0
0x639c0758bd0e38298cd66a50815471a1,JointOperations=JointOperations;,0
0x0729b32b554a111a797d14203dd87f0b,CategoriesOfFinancialLiabilities=FinancialLiabilitiesAtAmortisedCostCategory;ClassesOfFinancialAssets=InterestRateSwapContract;,0
0x016479a1f95380e6e798e06d52a96552,BusinessCombinations=WestinghouseElectricCompany;,0
0x80c4ba39571bdcb31822ab6ae5d115d5,Range=BottomOfRange;RangesOfExercisePricesForOutstandingShareOptions=PriceRange14Dollars71CentsTo16Dollars38Cents;,0
0xb517bc1d0fe235fcd8ff76bcdd910afa,GeographicalAreas=Europe;Segments=FuelServices;,0
0xde9d38e3922d29e24f02777ccc7baf3f,TemporaryDifferenceUnusedTaxLossesAndUnusedTaxCredits=DeferredTaxAssets;,0
0x288ab079b79424bb7fea82a3f693b2f5,GeographicalAreas=ForeignCountries;,0
0xd53e258ad3050e33db799c1d0b35e371,TemporaryDifferenceUnusedTaxLossesAndUnusedTaxCredits=DeferredTaxAssetsPropertyPlantAndEquipment;,0
0x2131aedb479d8b65a0cd3faf3fd6938e,BusinessCombinations=CigarLake;Scenario=BeforeAcquiringAdditionalInterestInJointVenture;,0
0x382629af6b0f06b05990f03eb3f51fda,GeographicalAreas=ForeignCountries;TemporaryDifferenceUnusedTaxLossesAndUnusedTaxCredits=UnusedTaxExpiry2028;,0
0xaad0fdb81c732731be20446ceb45c06e,BorrowingsByName=SeriesHSeniorunSecuredDebenture;ClassesOfFinancialAssets=InterestRateSwapContract;TypesOfRisks=InterestRateRisk;,0
0xf0346161736be2035b912516c71ced35,JointOperations=CigarLake;Scenario=BeforeAcquiringAdditionalInterestInJointVenture;,0
0xc419ed5434cb61417093f729e0cdf216,GeographicalAreas=US;TemporaryDifferenceUnusedTaxLossesAndUnusedTaxCredits=UnusedTaxExpiry2029;,0
0x64df67b0e29c66e00067fcc52d2175c3,GeographicalAreas=CA;TemporaryDifferenceUnusedTaxLossesAndUnusedTaxCredits=UnusedTaxExpiry2038;,0
0xa7dd3a091971f0913012e315537f0bfa,Segments=ReportableSegments;TypesOfContracts=Marketpricecontractsmember;,0
0x7314a1477a23d3aaf98ba0805d93083e,Segments=FuelServices;TypesOfContracts=Marketpricecontractsmember;,0
0x9eaef5265bb1a748a3635bdfe94255ee,PastDueStatus=LaterThanOneDayAndNotLaterThanThirtyDays;TypeOfCustomer=CorporateCustomers;,0
0xdbf33adf43e6d9fedda5e84ccee8fbcd,TemporaryDifferenceUnusedTaxLossesAndUnusedTaxCredits=DeferredTaxAssetsIncomeForeignExplorationAndDevelopment;,0
0x0a83fc9c986cd24655ec4a8bf8cc7914,CategoriesOfRelatedParties=Inkai;,0
0x31efec960d8b9aa8e87893b11040cc51,GeographicalAreas=CA;TemporaryDifferenceUnusedTaxLossesAndUnusedTaxCredits=UnusedTaxExpiry2030;,0
0xf4d0a59b6662927ea2930a7ab28d9c4c,GeographicalAreas=CA;TemporaryDifferenceUnusedTaxLossesAndUnusedTaxCredits=UnusedTaxExpiry2031;,0
0x3204bf6c9dc1af60057218f57251a926,GeographicalAreas=US;TemporaryDifferenceUnusedTaxLossesAndUnusedTaxCredits=UnusedTaxExpiry2031;,0
0xe46cab627a500770e033c445ea5c740e,Maturity=NotLaterThanOneYear;,0
0x552ecf17e4af963f0fd3c1d0f597abba,BorrowingsByName=ProductLoan;ProductsAndServices=Uf6;Range=TopOfRange;,0
0x0904ae52e61f3864cbf5b5afe3ca8703,LiabilitiesArisingFromFinancingActivities=LongtermBorrowings;,0
0x00ea2ffd37f224336c0682cb2165bd87,CarryingAmountAccumulatedDepreciationAmortisationAndImpairmentAndGrossCarryingAmount=GrossCarryingAmount;,0
0xa8dc51d923eba05c79fa2f40d5420e68,Maturity=NotLaterThanOneYear;Segments=FuelServices;,0
0xdf5f7d56f0f889c716327063b4616ff8,SignificantInvestmentsInAssociates=GlobalLaserEnrichmentLlc;,0
0x2629848fa2e4de3e2d5ce336f6bd5680,SignificantInvestmentsInSubsidiaries=CrowButteResourcesInc;,0
0xeb9c57fa916100e3326755c1e70f6e26,BorrowingsByName=UsTermLoanTrancheTwo;,0
0xb321f48f3cfa7b62cae8ac40d659a067,ClassesOfFinancialLiabilities=LongtermDebt;Maturity=LaterThanThreeMonthsAndNotLaterThanOneYear;,0
0xe01a47f79bd4030afc95041df3e82f9e,BorrowingsByName=ProductLoan;ProductsAndServices=Uranium;Range=TopOfRange;,0
0x7359a9ad5e5733505deab4b8abf33774,ClassesOfIntangibleAssetsAndGoodwill=CustomerrelatedIntangibleAssets;,0
0x21e2169eecf35386e039750f6e13d2be,TemporaryDifferenceUnusedTaxLossesAndUnusedTaxCredits=UnusedTaxExpiry2032;,0
0x54047320b1f2e1735e28cf6ad390c384,ClassesOfFinancialAssets=InterestRateSwapContract;,0
0xd93554ab1b266181ddafb59270115125,GeographicalAreas=US;TemporaryDifferenceUnusedTaxLossesAndUnusedTaxCredits=UnusedTaxExpiry2038;,0
0xf1bd0e0d5fd3e978064a1477369afb0f,ClassesOfFinancialLiabilities=AccountsPayableAndAccruedLiabilities;Maturity=LaterThanOneYearAndNotLaterThanThreeYears;,0
0xf756d1cd18b4c0382b59260ae006ea76,ClassesOfFinancialLiabilities=ForeignCurrencyContracts;Maturity=LaterThanOneYearAndNotLaterThanThreeYears;,0
0x50c844f139b4d0c529b6cee00fcd2c1a,CategoriesOfRelatedParties=RelatedParties;DefinedBenefitPlans=PensionDefinedBenefitPlans;,0
0xee4c49f4c4a56001660af134dab429ee,GeographicalAreas=CA;TemporaryDifferenceUnusedTaxLossesAndUnusedTaxCredits=UnusedTaxExpiry2034;,0
0x9f047b9510c58bba076493cd58d54209,TypesOfSharebasedPaymentArrangements=PhantomRestrictedShareUnitPlan;,0
0x43e53c844512bf2bdad77eabaa7d8d91,BorrowingsByName=SeriesH;,0
0x0ebd096f01f2a54209feaf11ae545ea7,ClassesOfPropertyPlantAndEquipment=ConstructionInProgress;,0
0x76fc7c2baab3dd36dc6e964ec4b8bda9,BorrowingsByName=UsTermLoanTrancheOne;BusinessCombinations=WestinghouseElectricCompany;NonadjustingEventsAfterReportingPeriod=MajorBusinessCombination;,0
0xaa4abfca321398fd37f1af710c3483fb,TemporaryDifferenceUnusedTaxLossesAndUnusedTaxCredits=UnusedTaxExpiry2038;,0
0xf9576cb9d7bf8dbbeb4fa6e9d54d5426,BorrowingsByName=ProductLoan;Maturity=LaterThanTwoYearsAndNotLaterThanThreeYears;ProductsAndServices=Uranium;,0
0x5516043ce7355409a8d72d7201e81674,CategoriesOfFinancialLiabilities=FinancialLiabilitiesAtFairValueThroughProfitOrLossDesignatedUponInitialRecognitionCategory;ClassesOfFinancialAssets=ForeignCurrencyContracts;,0
0xb3b7121816a0f689487100f7f0b7a65a,ClassesOfProvisions=ProvisionForDecommissioningRestorationAndRehabilitationCosts;Segments=Uranium;,0
0x6abd70a7b012accc767bfb30016e4ad4,CategoriesOfRelatedParties=BrookfieldRenewablePartners;SignificantInvestmentsInAssociates=WestinghouseElectricCompany;,0
0x87942e8e7ed71ec626155f69656a8bf6,GeographicalAreas=AU;,0
0xd17247ea752e37b3b9e4c407f56da6e3,ClassesOfFinancialLiabilities=ForeignCurrencyContracts;Maturity=LaterThanThreeYearsAndNotLaterThanFiveYears;,0
0x579ae5c4d4fd89e0c2d934f7ba769c2b,ClassesOfFinancialAssets=ForeignCurrencyContracts;,0
0x2183c6a5cac462e02e551f1d96b73178,Segments=FuelServices;,0
0x991ed0c750167f6154c01ae0cdb37a7b,GeographicalAreas=US;TemporaryDifferenceUnusedTaxLossesAndUnusedTaxCredits=UnusedTaxExpiry2036;,0
0x20fcae70f411acc5a36fc75f6f27f49b,BorrowingsByName=UsTermLoan;,0
0x72257425ad24db18f1bec37ef974bdd4,BusinessCombinations=WestinghouseElectricCompany;CategoriesOfRelatedParties=BrookfieldRenewablePartners;,0
0x8a97f2a751643313877b5e69efb5b00c,GeographicalAreas=CA;TemporaryDifferenceUnusedTaxLossesAndUnusedTaxCredits=UnusedTaxExpiry2028;,0
0x15c5a59e72f1e2839d1ea6edbffa28d4,TypesOfSharebasedPaymentArrangements=RestrictedShareUnitPlanEquitySettledMember;,0
0x55d7d543d91751969d0a11b86a79dd81,ClassesOfAssets=USequitySecurities;DefinedBenefitPlans=PensionDefinedBenefitPlans;,0
0x28afacd2d383278339f5fe9d34d545a2,ClassesOfFinancialLiabilities=AccountsPayableAndAccruedLiabilities;Maturity=LaterThanThreeYearsAndNotLaterThanFiveYears;,0
0xf385be2688ef2e8e8daeb6c74dceaa73,LiabilitiesArisingFromFinancingActivities=InterestPayable;,0
0x09e0897209e34f2766bdcd98b62f9574,GeographicalAreas=CA;TemporaryDifferenceUnusedTaxLossesAndUnusedTaxCredits=UnusedTaxExpiry2039;,0
0xc2dc3a3ec285392f18dc99f85f42fb3f,Range=TopOfRange;,0
0x1e03a7c5accbe0015589fce57bfdbab8,Maturity=LaterThanThreeYearsAndNotLaterThanFourYears;Segments=FuelServices;,0
0x1d8665edc438c795fc8bd90361f971f4,ClassesOfProvisions=ProvisionForDecommissioningRestorationAndRehabilitationCosts;,0
0x0ccbc0484eb9ad2ebd20cc1c1f0c8394,GeographicalAreas=US;TemporaryDifferenceUnusedTaxLossesAndUnusedTaxCredits=UnusedTaxExpiry2035;,0
0x7d05d8983b34cb1e4c55f220e39a40fa,CarryingAmountAccumulatedDepreciationAmortisationAndImpairmentAndGrossCarryingAmount=GrossCarryingAmount;ClassesOfIntangibleAssetsAndGoodwill=IntellectualProperty;,0
0x78254cb52a8999f7cafa8588f69f7d88,ClassesOfFinancialInstruments=NetForeignCurrencyDerivatives;TypesOfRisks=CurrencyRisk;,0
0x2897483a6213affeb70e061e85fffce0,GeographicalAreas=ForeignCountries;TemporaryDifferenceUnusedTaxLossesAndUnusedTaxCredits=UnusedTaxExpiry2029;,0
0x5eda3b7217b2c9684ff84431f9b21829,TemporaryDifferenceUnusedTaxLossesAndUnusedTaxCredits=UnusedTaxExpiry2031;,0
0xe55b42e51c59397d205416b5a4828c8e,GeographicalAreas=ForeignCountries;TemporaryDifferenceUnusedTaxLossesAndUnusedTaxCredits=UnusedTaxExpiry2033;,0
0xb472bcb0489fab16f9fa29e73b9733bc,Segments=Uranium;TypesOfContracts=FixedpriceContracts;,0
0x6454dc9bb80d2688f22b19a3b03f3392,GeographicalAreas=US;TemporaryDifferenceUnusedTaxLossesAndUnusedTaxCredits=UnusedTaxExpiry2043;,0
0xb113eb227783374a8e1ef31038d04bb3,BorrowingsByName=UnsecuredRevolvingCreditFacility;,0
0x9ce476ce0484aea6e82e0bb2421eb9cf,TypesOfSharebasedPaymentArrangements=StockOptionPlan;,0
0x0d7cf19c38e96175efc13c365d321bd5,ExternalCreditGrades=NonInvestmentGradeRating;,0
0x5fd249c4f9ad9b8c9113f1d6f5dcd8df,ClassesOfShareCapital=OrdinaryShares;ClassesOfShareHolders=ShareHolderNonResident;Range=TopOfRange;,0
0x01f1ea73ff91441ea465468a82d29849,ClassesOfFinancialLiabilities=InterestRateSwapContract;Maturity=LaterThanFiveYears;,0
0x0af5a625de982496a76803e981deef92,ClassesOfFinancialLiabilities=AccountsPayableAndAccruedLiabilities;Maturity=LaterThanThreeMonthsAndNotLaterThanOneYear;,0
0x5387d48e38c263673d93946b7dfaf9dc,JointOperations=McarthurRiver;,0
0xd4a6a2ed2e9ddca074491f992c037575,JointVentures=WestinghouseElectricCompany;,0
0x46f07d37c0a1c9552cb30e5c37b4f592,Maturity=LaterThanOneYearAndNotLaterThanThreeYears;,0
0xaecb7a8707771aaeca0ed8594470434c,BorrowingsByName=ProductLoan;ProductsAndServices=Uf6;,0
0x377b499972d73f3486856f4e656e5be4,ClassesOfFinancialLiabilities=LeaseLiabilities;Maturity=LaterThanFiveYears;,0
0xb64576264e176492a9e7d9abd9622807,GeographicalAreas=ForeignCountries;TemporaryDifferenceUnusedTaxLossesAndUnusedTaxCredits=UnusedTaxExpiry2035;,0
0x51fda02922ad310014fc8e975b76c87a,SignificantInvestmentsInSubsidiaries=CamecoEuropeLtd;,0
0xfde8d7d6a074f16052935a9aa97ff500,Maturity=LaterThanOneYearAndNotLaterThanTwoYears;Segments=Uranium;,0
0x97138038874b05715854f141926f39d1,TemporaryDifferenceUnusedTaxLossesAndUnusedTaxCredits=UnusedTaxExpiry2043;,0
0x6ead56f93097c6d4a54dff866222863c,GeographicalAreas=AsiaPacific;Segments=ReportableSegments;,0
0x06130ea3e1b631a1818bf7f179ac07c8,PastDueStatus=Current;TypeOfCustomer=OtherCustomers;,0
0x57e7cd51d48a9c16db071c0037aa823b,GeographicalAreas=ForeignCountries;TemporaryDifferenceUnusedTaxLossesAndUnusedTaxCredits=UnusedTaxExpiry2040;,0
0x9d57066e2344136f5dce28c8f0061f02,Maturity=LaterThanFiveYears;Segments=FuelServices;,0
0x8531bd8670e66a939ff28a3f4c40847a,Maturity=LaterThanThreeMonthsAndNotLaterThanOneYear;,0
0x6954ae23356848fa05c84eac10cb4388,ClassesOfFinancialAssets=ForeignCurrencyContracts;LevelsOfFairValueHierarchy=Level2OfFairValueHierarchy;,0
0x0a07265b4fdc6747815d3dda38547956,TemporaryDifferenceUnusedTaxLossesAndUnusedTaxCredits=UnusedTaxExpiry2033;,0
0xb22f621045b24aa6b4511620e888edf7,BorrowingsByName=ProductLoan;Range=TopOfRange;,0
0x5d70f242593b9d0406074ac588e8e4c8,TemporaryDifferenceUnusedTaxLossesAndUnusedTaxCredits=UnusedTaxLosses;,0
0xb57af6fcbb5cd156383c103888cbce8d,ClassesOfFinancialLiabilities=AccountsPayableAndAccruedLiabilities;,0
0xf989790545092081c3c555041ff520a1,GeographicalAreas=US;TemporaryDifferenceUnusedTaxLossesAndUnusedTaxCredits=UnusedTaxExpiry2033;,0
0x558377e92426a3a56b42d0133b632af6,BorrowingsByName=LetterOfCreditFacilities;,0
0xd82a28885fbb847f36d7012556c05565,ComponentsOfEquity=SharePremium;,0
0xcd220450fce6965db882c3f00263fbc9,GeographicalAreas=US;TemporaryDifferenceUnusedTaxLossesAndUnusedTaxCredits=UnusedTaxExpiry2032;,0
0x39a4b86e6ee2ed9066211de86ffaef1e,GeographicalAreas=NorthAmerica;Segments=Uranium;,0
0x5aef68c247acaa4a4420676116d832a1,TemporaryDifferenceUnusedTaxLossesAndUnusedTaxCredits=DeferredTaxAssetsLongTermInvestmentAndOther;,0
0x167e0d820e7b348994f3e4c54228dfbe,LiabilitiesArisingFromFinancingActivities=ShareCapital;,0
0x87e299e57bfcfdf88e26baa9b5948124,RangesOfExercisePricesForOutstandingShareOptions=PriceRange14Dollars71CentsTo16Dollars38Cents;,0
0x13319b7b1347b873f32566fd4e7feeb7,Segments=WestinghouseElectricCorporation;,0
0x3f4ddc2fec1979e57637a6b847fd74aa,ClassesOfAssets=CanadianEquitySecurities;DefinedBenefitPlans=PensionDefinedBenefitPlans;,0
0x3a31b2652a8f79931a7dbe08e224c645,CategoriesOfFinancialAssets=FinancialAssetsAtAmortisedCostCategory;ClassesOfFinancialAssets=ForeignCurrencyContracts;,0
0x3d26e30e38f0c4b3eef73b3e7c9cbf89,DefinedBenefitPlans=OtherBenefitPlans;NetDefinedBenefitLiabilityAsset=PresentValueOfDefinedBenefitObligation;,0
0xd860c99f94357e7382ada0540bd51571,ClassesOfFinancialLiabilities=ForeignCurrencyContracts;Maturity=LaterThanThreeMonthsAndNotLaterThanOneYear;,0
0x08408db647371054e1c9dd392e694260,DefinedBenefitPlans=PensionDefinedBenefitPlans;NetDefinedBenefitLiabilityAsset=PresentValueOfDefinedBenefitObligation;,0
0xfb277b7a97951aaea791859af4b03c30,ClassesOfFinancialLiabilities=ForeignCurrencyContracts;,0
0x2a652ae516b3caf7812c9cd4a98ed7f9,TemporaryDifferenceUnusedTaxLossesAndUnusedTaxCredits=DeferredTaxLiabilityPropertyPlantEquipment;,0
0xcf7519a5b187fb863b7b43023d70d792,SignificantInvestmentsInSubsidiaries=PowerResourcesInc;,0
0xff9bfa087c08efaba722eb70e3c6d5f4,ClassesOfProvisions=OtherEnvironmentRelatedProvision;Segments=FuelServices;,0
0x9aa7e7a21112bd4cd79d061cb8070061,BusinessCombinations=CigarLake;Scenario=AfterAcquiringAdditionalInterestInJointVenture;,0
0x159049a1258b8020745b9f99eb91758f,TemporaryDifferenceUnusedTaxLossesAndUnusedTaxCredits=UnusedTaxExpiryNoExpiry;,0
0xebb6e2235c88d2e8c07ac55e68c54273,ClassesOfFinancialAssets=InterestRateSwapContract;LevelsOfFairValueHierarchy=Level2OfFairValueHierarchy;,0
0x056f7bc5544ac1b03a2b2551af8f1b33,ClassesOfLiabilities=CurrentPortionOfOtherLiabilities;,0
0x5863f487d0e54e0fce6d764322fc9a52,BorrowingsByName=ProductLoan;Maturity=LaterThanOneYearAndNotLaterThanTwoYears;ProductsAndServices=Uf6;,0
0x672401160560766a5c0f16051121fff1,Range=BottomOfRange;TypesOfSharebasedPaymentArrangements=PhantomStockOptionPlan;,0
0x755476fcbe650d3048cd99f6496faf9a,ComponentsOfEquity=EquityAttributableToOwnersOfParent;,0
0x275e109c4fe37247124b4fd06aacbc73,GeographicalAreas=US;TemporaryDifferenceUnusedTaxLossesAndUnusedTaxCredits=UnusedTaxExpiry2034;,0
0x240f5755ad2c4d553a5cf9e24a6c03df,CarryingAmountAccumulatedDepreciationAmortisationAndImpairmentAndGrossCarryingAmount=GrossCarryingAmount;ClassesOfPropertyPlantAndEquipment=ExplorationAndEvaluationAssets;,0
0x02bc8a5dfe6b8abf577236b9066626eb,JointVentures=JointVentureInkaiLlp;,0
0x262f3a0ad0b06562dbef3b44d543836d,ActuarialAssumptions=ActuarialAssumptionOfDiscountRates;DefinedBenefitPlans=PensionDefinedBenefitPlans;,0
0x5fb4039b3b5bca6d3c7ee3db52e88eee,Segments=OtherSegment;TypesOfContracts=FixedpriceContracts;,0
0xffad9347ef7dfc3580d6c782d49ba7a6,CarryingAmountAccumulatedDepreciationAmortisationAndImpairmentAndGrossCarryingAmount=AccumulatedDepreciationAmortisationAndImpairment;ClassesOfPropertyPlantAndEquipment=Machinery;,0
0xf5745e7afc8bcc1b2a465cf1bbf2340a,CategoriesOfRelatedParties=Idemitsu;JointOperations=CigarLake;,0
0x294f7d60e01a02866d54f7189033e7de,GeographicalAreas=Europe;Segments=Uranium;,0
0x12faf8377383b01ce390c53e97c277ed,ClassesOfPropertyPlantAndEquipment=ExplorationAndEvaluationAssets;,0
0x82b1cb1fb93cc8193e76004b2969454f,GeographicalAreas=ForeignCountries;TemporaryDifferenceUnusedTaxLossesAndUnusedTaxCredits=UnusedTaxExpiry2030;,0
0x1cd2c677c05e6bcddfae21cb59d368f3,CarryingAmountAccumulatedDepreciationAmortisationAndImpairmentAndGrossCarryingAmount=AccumulatedDepreciationAmortisationAndImpairment;ClassesOfPropertyPlantAndEquipment=ConstructionInProgress;,0
0x6dc1e4ffd78b7cf5cb57ce78cd78d800,GeographicalAreas=US;TemporaryDifferenceUnusedTaxLossesAndUnusedTaxCredits=UnusedTaxExpiry2042;,0
0xb7eafbf990f808d7ac7b03654186e919,BorrowingsByName=ProductLoan;Maturity=NotLaterThanOneYear;ProductsAndServices=Uf6;,0
0xcc706a2e4fc44587d77cc75aa23fc932,TypesOfRisks=InterestRateRisk;,0
0xc26c16fe0f361eacc75d11bd95ac93c2,GeographicalAreas=US;TemporaryDifferenceUnusedTaxLossesAndUnusedTaxCredits=UnusedTaxExpiry2027;,0
0x39e14c6a692159d8c307bbcb275de897,Segments=FuelServices;TypesOfContracts=FixedpriceContracts;,0
0x7b3950585c346afd937ef0df5877b217,GeographicalAreas=NorthAmerica;Segments=FuelServices;,0
0x7017ecccab034e18f692bad57a91af4b,ClassesOfFinancialInstruments=AccountsPayableAndAccruedLiabilities;TypesOfRisks=CurrencyRisk;,0
0x9b86df3846f0c679d2e9d66d247ecde2,ClassesOfFinancialInstruments=TradeReceivables;TypesOfRisks=CurrencyRisk;,0
0x1703a2b12c051f0f73e380cf1484bdf8,Maturity=LaterThanThreeYearsAndNotLaterThanFiveYears;,0
0xbb8ee22aab87f1bfb053f379e8361292,BorrowingsByName=UsTermLoan;BusinessCombinations=WestinghouseElectricCompany;NonadjustingEventsAfterReportingPeriod=RepaymentOfBorrowingsTransaction;,0
0x4d0e9542874c7d0d97abdaeab825d244,CategoriesOfRelatedParties=OranoCanadaInc;ProductsAndServices=UraniumConversionSupply;,0
0x92ee5090f3082eb6cc3eed3eb195ee2a,TypesOfSharebasedPaymentArrangements=RestrictedShareUnitPlan;,0
0x2d8771c5bb0a9be2e98c47444c3333bf,CarryingAmountAccumulatedDepreciationAmortisationAndImpairmentAndGrossCarryingAmount=AccumulatedDepreciationAmortisationAndImpairment;ClassesOfPropertyPlantAndEquipment=FixturesAndFittings;,0
0x5efcc2dd3a60783142fc17eb0e1e86b9,CategoriesOfFinancialLiabilities=FinancialLiabilitiesAtFairValueThroughProfitOrLossDesignatedUponInitialRecognitionCategory;,0
0x707e3370f5e8cf6ab21847eedb4ddd1e,Maturity=LaterThanTwoYearsAndNotLaterThanThreeYears;,0
0x6131d326f3a16d06ffa8b8b2016eaad7,ClassesOfFinancialLiabilities=InterestRateSwapContract;Maturity=LaterThanThreeMonthsAndNotLaterThanOneYear;,0
0x0ceed441281a35a1d1bf36a7f5a9a7a5,ClassesOfAssets=CurrentPortionOfLongtermReceivablesInvestmentsAndOther;,0
0x8d6d79142ea9807c16074ca9bf6d4f01,GeographicalAreas=US;TemporaryDifferenceUnusedTaxLossesAndUnusedTaxCredits=UnusedTaxExpiry2039;,0
0x7ba7097751f02c11e3e007001b681a38,GeographicalAreas=DE;,0
0xcbc7af883d595aea51865952b706b2b2,ClassesOfFinancialLiabilities=LeaseLiabilities;Maturity=LaterThanThreeYearsAndNotLaterThanFiveYears;,0
0xe20326f1cb50a6036618742c9ee41b11,ClassesOfFinancialLiabilities=ForeignCurrencyContracts;Maturity=LaterThanFiveYears;,0
0xfaddab7801606ef4d87da7ed64cfb79a,ClassesOfFinancialAssets=InterestRateSwapContract;TypesOfRisks=InterestRateRisk;,0
0xf35f8ed033cc83ca2f2e3032004ea2b1,CategoriesOfRelatedParties=OranoCanadaInc;ProductsAndServices=Uranium;,0
0x19d7611d01ef580bb3b7efec60f404f2,TypesOfSharebasedPaymentArrangements=PerformanceShareUnitPlan;,0
0x14283e9f4e585589df01a272a595007e,TypesOfRisks=CurrencyRisk;,0
0x8194f90f8b8037815c92e952149a5c31,GeographicalAreas=US;TemporaryDifferenceUnusedTaxLossesAndUnusedTaxCredits=UnusedTaxExpiryNoExpiry;,0
0xef5dea5623ff918a5d84492309cdecb4,Maturity=LaterThanFiveYears;Segments=ReportableSegments;,0
0x1ea968806299d7cfcfec608a53656d2e,ClassesOfShareCapital=OrdinaryShares;,0
0x085b71842fc2f9693c365bea08c2ef86,ComponentsOfEquity=EquityAttributableToOwnersOfParent;SignificantInvestmentsInAssociates=WestinghouseElectricCompany;,0
0x31a1d9f8477276c0dc39a30105e4d658,GeographicalAreas=ForeignCountries;TemporaryDifferenceUnusedTaxLossesAndUnusedTaxCredits=UnusedTaxExpiry2036;,0
0x58abcd32842bd4cc92516652495662f6,CarryingAmountAccumulatedDepreciationAmortisationAndImpairmentAndGrossCarryingAmount=AccumulatedDepreciationAmortisationAndImpairment;ClassesOfPropertyPlantAndEquipment=ExplorationAndEvaluationAssets;,0
0x427d8e89952554e124a9f80acdcd9943,TemporaryDifferenceUnusedTaxLossesAndUnusedTaxCredits=UnusedTaxExpiry2036;,0
0x7fa2f60a02213815d09a503479c49d01,DefinedBenefitPlans=OtherBenefitPlans;,0
0xdc7b62d0ab1ee42ae3b6229fc4a9e1fb,CarryingAmountAccumulatedDepreciationAmortisationAndImpairmentAndGrossCarryingAmount=GrossCarryingAmount;ClassesOfPropertyPlantAndEquipment=Machinery;,0
0xa8a00db75dbc8dd7001672a6192ee1a0,JointOperations=CigarLake;,0
0xb77c08c7588a3a3fc761edbdbee4c7fa,BusinessCombinations=CigarLake;CategoriesOfRelatedParties=Idemitsu;,0
0x978e0229be3308ddb53835d3e61c789c,GeographicalAreas=CA;TemporaryDifferenceUnusedTaxLossesAndUnusedTaxCredits=UnusedTaxExpiry2036;,0
0x5e62a683f1ff03c57136e7876ec3d2ee,ClassesOfFinancialLiabilities=LongtermDebt;Maturity=LaterThanOneYearAndNotLaterThanThreeYears;,0
0x05ee8b7fc920049483f9d51e36832b88,GeographicalAreas=CA;TemporaryDifferenceUnusedTaxLossesAndUnusedTaxCredits=UnusedTaxExpiry2033;,0
0xb929cf0def200623ae010dd0862b97c1,Maturity=LaterThanFourYearsAndNotLaterThanFiveYears;Segments=ReportableSegments;,0
0x4ea4744e37c645095f8fce16f9329491,Maturity=LaterThanOneYearAndNotLaterThanTwoYears;Segments=FuelServices;,0
0x0721750a49555c55da224ce3e28a3a26,ClassesOfFinancialLiabilities=InterestRateSwapContract;,0
0xec3fbbf5cff67191ad996f04ff92102e,Maturity=LaterThanOneYearAndNotLaterThanTwoYears;Segments=ReportableSegments;,0
0x8e499bf9bd211e3f003de38c1c5ea874,Segments=OtherSegment;,0
0xa26d82f869f022d69b1636c04c2b3991,CategoriesOfFinancialAssets=FinancialAssetsAtFairValueThroughProfitOrLossCategory;,0
0x7a4ba03dcc9722830aba02471be206ab,GeographicalAreas=CA;TemporaryDifferenceUnusedTaxLossesAndUnusedTaxCredits=UnusedTaxExpiryNoExpiry;,0
0x9d07cb44ff62c77ad359e5b7cd9867ce,Maturity=LaterThanTwoYearsAndNotLaterThanThreeYears;Segments=Uranium;,0
0x5c04a38d9a1d17d388d3be6964f3fa08,TemporaryDifferenceUnusedTaxLossesAndUnusedTaxCredits=UnusedTaxExpiry2035;,0
0x4072b54e10791c0d5b06ddcf5f754046,GeographicalAreas=US;TemporaryDifferenceUnusedTaxLossesAndUnusedTaxCredits=UnusedTaxExpiry2030;,0
0x17518686f7fb0a73a1f15cbf4c16523b,TemporaryDifferenceUnusedTaxLossesAndUnusedTaxCredits=UnusedTaxExpiry2028;,0
0x03dca9f0f6d296bf3bf194d0e3392158,ClassesOfFinancialInstruments=CashAndCashEquivalents;TypesOfRisks=CurrencyRisk;,0
0xdf4700d5a9bdfe8453e31246bc2c5c0a,Maturity=LaterThanTwoYearsAndNotLaterThanThreeYears;Segments=ReportableSegments;,0
0x35ccb786c210d4b6a9b48617fd07785b,ComponentsOfEquity=ReserveOfCashFlowHedges;,0
0x669440a764d51ccbda1953e8eed08b58,BorrowingsByName=SeriesG;,0
0x7d502eb4813cab2220ca3f35bf685e18,BorrowingsByName=SeriesHSeniorunSecuredDebenture;ClassesOfFinancialAssets=InterestRateSwapContract;TypesOfInterestRates=FloatingInterestRate;TypesOfRisks=InterestRateRisk;,0
0xc36ffb78b11ba63dc9e51a4cf01b7c53,Maturity=NotLaterThanOneYear;Segments=Uranium;,0
0xcb54d3a34e56bf018861e4bb3c260ea1,Maturity=LaterThanThreeYearsAndNotLaterThanFourYears;,0
0x5428e92f48b4126f6240a83226fed982,Maturity=NotLaterThanOneYear;Segments=ReportableSegments;,0
0xe7b06c577769c2d2a698675e2e028cbd,LiabilitiesArisingFromFinancingActivities=LeaseLiabilities;,0
0x72b8bc85643b31b7f818078a3b3f7784,GeographicalAreas=CA;TemporaryDifferenceUnusedTaxLossesAndUnusedTaxCredits=UnusedTaxExpiry2043;,0
0xaaa63ccb09eb95eb322e27810e310be3,ComponentsOfEquity=ReserveOfGainsAndLossesOnFinancialAssetsMeasuredAtFairValueThroughOtherComprehensiveIncome;,0
0xba4840e18991fb58d7dafad0ca4a9e68,SignificantInvestmentsInAssociates=WestinghouseElectricCompany;,0
0x371e0c172a64e35c1e0523e113d38bcb,ClassesOfFinancialLiabilities=AccountsPayableAndAccruedLiabilities;Maturity=LaterThanFiveYears;,0
0xa726e23f609fc1da9d72afe0e84a5456,DefinedBenefitPlans=PensionDefinedBenefitPlans;,0
0x7773b0c506b0a192042e0be994f48c79,LiabilitiesArisingFromFinancingActivities=DividendsPayable;,0
0x3402bf640f0287ada8973c2d97fd81da,ClassesOfPropertyPlantAndEquipment=Machinery;,0
0xae5b8a6331736f425eda51ac7d8fa8b4,PastDueStatus=LaterThanOneDayAndNotLaterThanThirtyDays;TypeOfCustomer=OtherCustomers;,0
0xd243f613cc6a42df5841532f45167cb2,BorrowingsByName=UsTermLoanTrancheOne;,0
0x154a1b7f56cebe86ab06a2b514692408,Range=BottomOfRange;RangesOfExercisePricesForOutstandingShareOptions=PriceRange11Dollars32CentsTo14Dollars70Cents;,0
0x38336db4ec686628f941ca21848c5ba0,GeographicalAreas=ForeignCountries;TemporaryDifferenceUnusedTaxLossesAndUnusedTaxCredits=UnusedTaxExpiry2031;,0
0xcdf28a6b68442d72b61812c8b0531fa1,GeographicalAreas=AsiaPacific;Segments=OtherSegment;,0
0xd174727c82091be74d37244a93354f5b,GeographicalAreas=ForeignCountries;TemporaryDifferenceUnusedTaxLossesAndUnusedTaxCredits=UnusedTaxExpiryNoExpiry;,0
0x8f8187d8f335b40e563e5bf4e4b1ae75,GeographicalAreas=CA;TemporaryDifferenceUnusedTaxLossesAndUnusedTaxCredits=UnusedTaxExpiry2040;,0
0x1c3f30bb1b29024452bc4d1a730da3bf,TypesOfSharebasedPaymentArrangements=EmployeeShareOwnershipPlan;,0
0x18f473936814badba7db628df3edbddf,GeographicalAreas=US;TemporaryDifferenceUnusedTaxLossesAndUnusedTaxCredits=UnusedTaxExpiry2026;,0
0xb72357aa3f7766476b314a64c2413053,SignificantInvestmentsInSubsidiaries=CamecoAustraliaPtyLtd;,0
0xea87b5b5f184b0d961bb316f3ae382e9,Maturity=LaterThanThreeYearsAndNotLaterThanFourYears;Segments=Uranium;,0
0x3abc2d35a1547202d6fa560e79aca04b,ComponentsOfEquity=ReserveOfExchangeDifferencesOnTranslation;,0
0x5370929bca10260e98dc6128d2beca1c,TypeOfCustomer=CorporateCustomers;,0
0x76b903fe9092a186a6dd1a77efe33910,ClassesOfPropertyPlantAndEquipment=FixturesAndFittings;,0
0xa1d19cbe203dca1c61a4e92c4bf88708,PastDueStatus=LaterThanOneMonth;TypeOfCustomer=OtherCustomers;,0
0x4e997e880bbf781683ba1d6407e3ee63,ClassesOfFinancialLiabilities=LongtermDebt;Maturity=LaterThanThreeYearsAndNotLaterThanFiveYears;,0
0x693e1be8ca0206fcf95875c9c626fe2f,ActuarialAssumptions=ActuarialAssumptionOfLifeExpectancyAfterRetirement;DefinedBenefitPlans=PensionDefinedBenefitPlans;,0
0x1a79c291baebc83aef46195b18acdaff,ComponentsOfEquity=IssuedCapital;,0
0xaff8bc21e8965e6bba54967dd11575e0,CarryingAmountAccumulatedDepreciationAmortisationAndImpairmentAndGrossCarryingAmount=AccumulatedDepreciationAmortisationAndImpairment;ClassesOfPropertyPlantAndEquipment=LandAndBuildings;,0
0xc471ed03eb5f76aeebc620760463bfec,TemporaryDifferenceUnusedTaxLossesAndUnusedTaxCredits=DeferredTaxLiabilityInventories;,0
0x4651c4fe8009068da07009217b44f825,ClassesOfFinancialLiabilities=LeaseLiabilities;,0
0x1c873fef5049c1b628c9c5104b7312d4,BusinessCombinations=CigarLake;,0
0x9cd5cdf2a2cc7c17e8b37a6c47b102c9,TemporaryDifferenceUnusedTaxLossesAndUnusedTaxCredits=UnusedTaxExpiry2039;,0
0x355f1c80cddee5b28f91459cef9326dc,Range=TopOfRange;RangesOfExercisePricesForOutstandingShareOptions=PriceRange14Dollars71CentsTo16Dollars38Cents;,0
0x7c13c0eebd8728ea9ab3e5eee93dc8be,TypeOfCustomer=OtherCustomers;,0
0x99874c828d8bd651a627f7f1c6d33f2e,GeographicalAreas=ForeignCountries;TemporaryDifferenceUnusedTaxLossesAndUnusedTaxCredits=UnusedTaxExpiry2037;,0
0x3b5a78dec0b4c75a3d9d9565587247f7,ComponentsOfEquity=RetainedEarnings;,0
0x848f6df618ac3af761d3fe8dd6648995,GeographicalAreas=ForeignCountries;TemporaryDifferenceUnusedTaxLossesAndUnusedTaxCredits=UnusedTaxExpiry2041;,0
0x197a6d9cbde1aed8effe2ce69e9ebfd6,Range=BottomOfRange;,0
0xaaa90d9206b6203bd049fe21925926f1,GeographicalAreas=KZ;,0
0x34233bf8f35c243a3e01e66494b12382,Range=TopOfRange;RangesOfExercisePricesForOutstandingShareOptions=PriceRange11Dollars32CentsTo14Dollars70Cents;,0
0x9a42fa371ab5e60412421c514cbbe6d6,ClassesOfShareCapital=Classbshares;,0
0xdf70dc687a6e1668d8119cb6c15578cb,GeographicalAreas=AsiaPacific;Segments=Uranium;,0
0xe2a85682cc27c81b6f94257869784136,GeographicalAreas=Europe;Segments=OtherSegment;,0
0x59d2b1d15b083a83cb03b6991f265440,ClassesOfFinancialLiabilities=LongtermDebt;,0
0xf91acc77340018f84d5024c77880fb0e,TemporaryDifferenceUnusedTaxLossesAndUnusedTaxCredits=UnusedTaxExpiry2027;,0
0x2208ef3a66ccae91353a12f8bc3d0c65,ClassesOfFinancialInstruments=InterestRateSwapContract;TypesOfRisks=InterestRateRisk;,0
0x7459d8e3124847d5c3ed12ef82677523,GeographicalAreas=CA;,0
0x24a0414c130ebb0456cd3c081125ffee,GeographicalAreas=Europe;Segments=ReportableSegments;,0
0xf94223f4644ab33a53c746fcfd2e4244,Maturity=LaterThanFourYearsAndNotLaterThanFiveYears;,0
0xc394902731566608405d66f0046ba165,BorrowingsByName=ProductLoan;Maturity=LaterThanOneYearAndNotLaterThanTwoYears;ProductsAndServices=Uranium;,0
0x38bf2f7581ec0be9eed5cdf48d0d44d5,CategoriesOfFinancialLiabilities=FinancialLiabilitiesAtAmortisedCostCategory;,0
0x92bcb20d173e95f9bad7ff86a1f464d0,CarryingAmountAccumulatedDepreciationAmortisationAndImpairmentAndGrossCarryingAmount=AccumulatedDepreciationAmortisationAndImpairment;ClassesOfIntangibleAssetsAndGoodwill=IntellectualProperty;,0
0xbc8857a13ad1bb60faf1791279e25276,GeographicalAreas=NorthAmerica;Segments=OtherSegment;,0
0x21536b8fbab171a851e28cb3f434045d,LevelsOfFairValueHierarchy=AtFairValue;,0
0xa1ef62f6db5758d439a1c8abc315fa0c,ClassesOfPropertyPlantAndEquipment=LandAndBuildings;,0
0x3dc6ac981f32eae73fea5f7e48208a82,TemporaryDifferenceUnusedTaxLossesAndUnusedTaxCredits=UnusedTaxExpiry2030;,0
0xe9ab91dde2ee04a3c7eef212ecd8a0a9,TemporaryDifferenceUnusedTaxLossesAndUnusedTaxCredits=UnusedTaxExpiry2026;,0
0xb507a61eb42b2e5c5b1d1d3c9533d2f9,Range=TopOfRange;TypesOfSharebasedPaymentArrangements=PhantomStockOptionPlan;,0
0x8b5f8069ece1ccd5753241ae408a38ef,ExternalCreditGrades=InvestmentGradeRating;,0
0x71ae3b6bab2a0563873a4796a44d2e20,GeographicalAreas=CA;TemporaryDifferenceUnusedTaxLossesAndUnusedTaxCredits=UnusedTaxExpiry2042;,0
0x42309708659f4fa2408fc469b8d98e2b,Maturity=LaterThanThreeYearsAndNotLaterThanFourYears;Segments=ReportableSegments;,0
0x64a46027ebd228a5793a32d84c8a56a4,BorrowingsByName=SeriesHSeniorunSecuredDebenture;ClassesOfFinancialAssets=InterestRateSwapContract;TypesOfInterestRates=FixedInterestRate;TypesOfRisks=InterestRateRisk;,0
0xfbe3d4d6af9be10a61d9cf61b48de947,GeographicalAreas=US;TemporaryDifferenceUnusedTaxLossesAndUnusedTaxCredits=UnusedTaxExpiry2041;,0
0xbacfb4ba67452df0826d0e6dfa14cebf,BorrowingsByName=ProductLoan;ProductsAndServices=Uranium;,0
0x5e37229e1135a5d46ab5b2809ccc3f18,ActuarialAssumptions=ActuarialAssumptionOfDiscountRates;,0
0x2fbac8dd829345c197510a116bfd46c2,ClassesOfFinancialLiabilities=InterestRateSwapContract;Maturity=LaterThanOneYearAndNotLaterThanThreeYears;,0
0x51092f9d740f3e8f339c7e17aff6892b,TemporaryDifferenceUnusedTaxLossesAndUnusedTaxCredits=DeferredTaxAssetsProvisionForReclamationt;,0
0x8c9d8e3dc25e0fcb37efe3e1ea777f84,DefinedBenefitPlans=OtherBenefitPlans;NetDefinedBenefitLiabilityAsset=PlanAssets;,0
0xa778afd619e33839d0bec93153796bdf,GeographicalAreas=CA;TemporaryDifferenceUnusedTaxLossesAndUnusedTaxCredits=UnusedTaxExpiry2029;,0
0xdc046cbda50254d6deecfadb0aa654e8,ComponentsOfEquity=NoncontrollingInterests;,0
0x4bbb4f9069c0874b1211807e59ddba30,GeographicalAreas=US;TemporaryDifferenceUnusedTaxLossesAndUnusedTaxCredits=UnusedTaxExpiry2037;,0
0xef8038845a189b9df64eb3c44507b8fa,BorrowingsByName=ProductLoan;Maturity=LaterThanTwoYearsAndNotLaterThanThreeYears;ProductsAndServices=Uf6;,0
0xefa0a9ea90eabc117ec761a830771f5a,ClassesOfProvisions=OtherEnvironmentRelatedProvision;,0
0xae4945bf8171d5724af9497ddb1c0d8b,GeographicalAreas=ForeignCountries;TemporaryDifferenceUnusedTaxLossesAndUnusedTaxCredits=UnusedTaxExpiry2026;,0
0x59da69df962a2e4e58e9ce4c0a9ce192,ActuarialAssumptions=ActuarialAssumptionOfDiscountRates;DefinedBenefitPlans=OtherBenefitPlans;,0
0x697acbf4050305b4a6da716d4370e862,GeographicalAreas=ForeignCountries;TemporaryDifferenceUnusedTaxLossesAndUnusedTaxCredits=UnusedTaxExpiry2034;,0
0xd1e2eb651b36928c8a9a8202611282d6,Segments=Uranium;TypesOfContracts=Marketpricecontractsmember;,0
0x5393e08e3b18cc31972563837f69e001,TemporaryDifferenceUnusedTaxLossesAndUnusedTaxCredits=UnusedTaxExpiry2042;,0
0xdc7a1138cb45a2d1e827c507c59c315b,BorrowingsByName=UsTermLoanTrancheTwo;TypesOfInterestRates=FloatingInterestRate;,0
0x09be7c96f0191626f10d1d6fd8392325,BorrowingsByName=ProductLoan;Range=BottomOfRange;,0
0x81f564869d544652cecc0a9ca05a257a,TemporaryDifferenceUnusedTaxLossesAndUnusedTaxCredits=DeferredTaxAssetsInventories;,0
0x7c1a97a060234e6375b13e319aff341f,PastDueStatus=LaterThanOneMonth;,0
0xc080f97eb29ad04f5d1abb34bb437644,TemporaryDifferenceUnusedTaxLossesAndUnusedTaxCredits=UnusedTaxExpiry2041;,0
0xe503dc6c9d3172e925475fafe43b4bec,ClassesOfProvisions=ProvisionForDecommissioningRestorationAndRehabilitationCosts;Segments=FuelServices;,0
0x67708ecdf5eb31d884678b6ebc1b3aad,ClassesOfFinancialLiabilities=LeaseLiabilities;Maturity=LaterThanOneYearAndNotLaterThanThreeYears;,0
0x515c503fd395cc5a10d51f231ca59ef2,CarryingAmountAccumulatedDepreciationAmortisationAndImpairmentAndGrossCarryingAmount=GrossCarryingAmount;ClassesOfPropertyPlantAndEquipment=FixturesAndFittings;,0
0xa947f8cc1fdaf5ebd13cf64d2592b1c8,GeographicalAreas=CA;TemporaryDifferenceUnusedTaxLossesAndUnusedTaxCredits=UnusedTaxExpiry2037;,0
0x6f15f6061175a12796d526de8ded78c6,Maturity=LaterThanFourYearsAndNotLaterThanFiveYears;Segments=FuelServices;,0
0xd0d8c6a75cdb322ade4a569a512f8d67,GeographicalAreas=ForeignCountries;TemporaryDifferenceUnusedTaxLossesAndUnusedTaxCredits=UnusedTaxExpiry2039;,0
0xf63a974991c15a4a69ddbfd51669f48b,RangesOfExercisePricesForOutstandingShareOptions=PriceRange11Dollars32CentsTo14Dollars70Cents;,0
0x329f82da28f342378198ace9001c3cf5,TemporaryDifferenceUnusedTaxLossesAndUnusedTaxCredits=UnusedTaxExpiry2040;,0
0xf48f400c2f05281f83caf524c245f952,ClassesOfFinancialLiabilities=LongtermDebt;Maturity=LaterThanFiveYears;,0
0xf7acf0464b1e5f7eced7102eeb3203c0,SignificantInvestmentsInSubsidiaries=CamecoUsHoldingsInc;,0
0xb5e2fdd972a35c82c0ea0dfaad241d2e,Segments=FuelService;,0
0x74b1efd5d58400255de82d64ef635dd9,GeographicalAreas=NorthAmerica;Segments=ReportableSegments;,0
0xbbcc33a797914180a540eb833dcc4970,ClassesOfAssets=LongTermReceivablesInvestmentsAndOther;,0
0x0210e0aeffbb8f4ee1871592c9967d79,PastDueStatus=LaterThanOneDayAndNotLaterThanThirtyDays;,0
0x22240dfc09a183e1058f2cdf6d32aa7f,ClassesOfAssets=GlobalEquitySecurities;DefinedBenefitPlans=PensionDefinedBenefitPlans;,0
0x862e272abfa338941f6845787d518f4c,BorrowingsByName=UsTermLoanTrancheOne;TypesOfInterestRates=FloatingInterestRate;,0
0x9f4bcec221df02b54e4ceff7afb0d588,TemporaryDifferenceUnusedTaxLossesAndUnusedTaxCredits=UnusedTaxExpiry2037;,0
0x10b0c423af5d70968ce25825344a0cf5,SignificantInvestmentsInSubsidiaries=CamecoInc;,0
0x1ead583c8a65164a8c98c90c017fe9f8,JointOperations=KeyLake;,0
0x513729a655f6338a1bfca518941c395d,CarryingAmountAccumulatedDepreciationAmortisationAndImpairmentAndGrossCarryingAmount=GrossCarryingAmount;ClassesOfIntangibleAssetsAndGoodwill=CustomerrelatedIntangibleAssets;,0
0xb00d517922c65d058fa148f7fda5e293,Segments=Adjustments;,0
0xd022ac3fb468495cb47b2a69ac5d1533,Segments=Uranium;,0
0x3669020ea12db34848c545d4a3b68336,Maturity=LaterThanFiveYears;Segments=Uranium;,0
0xd80f8d8d73e338fa4a376fb98e216b49,ClassesOfFinancialInstruments=LongtermDebt;TypesOfRisks=CurrencyRisk;,0
0xd9c0dd818ff2aff039553d2b460d0f9a,ClassesOfFinancialInstruments=FloatingInterestRate;TypesOfRisks=InterestRateRisk;,0
0xc05b624aeb65bbff90e4029c1bc839c9,GeographicalAreas=CA;TemporaryDifferenceUnusedTaxLossesAndUnusedTaxCredits=UnusedTaxExpiry2032;,0
0x4f485fd4695fe949520de6b8c28656da,SignificantInvestmentsInAssociates=JvInkaiAssociate;,0
0xe2840d5075df02d01bfb3a99cfa99390,ClassesOfShareCapital=OrdinaryShares;ClassesOfShareHolders=ShareHolderResident;Range=TopOfRange;,0
0x88face586e8d7064c45d627f3b5cf09a,Segments=ReportableSegments;TypesOfContracts=FixedpriceContracts;,0
0x3c1a6243db6ff6984e8d073eff66a95f,TypesOfSharebasedPaymentArrangements=DeferredShareUnitPlan;,0
0x92478f1cdadcc3614b297d0eb0afd041,IncomeTaxAuthority=CanadianRevenueAgency;,0
0x532e6175109a9179453944ef40d84383,LevelsOfFairValueHierarchy=Level1OfFairValueHierarchy;,0
0xbd46ac2948317917f501ca533bd9dca4,LevelsOfFairValueHierarchy=Level2OfFairValueHierarchy;,0
0x0f25f3075388853dd183353a7504d274,GeographicalAreas=CH;,0
0xb31414299d90aa95fa80282be31d45e5,CategoriesOfFinancialAssets=FinancialAssetsAtFairValueThroughProfitOrLossCategory;ClassesOfFinancialAssets=InterestRateSwapContract;,0
0xccda340d260acaa158a1c0177cfe14a6,ClassesOfFinancialAssets=OtherEquitySecurities;,0
0x1578eda0e209d71895976a6612ecddab,SignificantInvestmentsInSubsidiaries=NukemInc;,0
0x289d5ee2c26b9489134317182cdd36f5,ClassesOfFinancialAssets=ForeignCurrencyContracts;LevelsOfFairValueHierarchy=AtFairValue;,0
0x0e4a3216cd8a0444b86447dac9b2c69b,GeographicalAreas=ForeignCountries;TemporaryDifferenceUnusedTaxLossesAndUnusedTaxCredits=Unusedtaxexpiry203;,0
0x09b07d912537c4a6dd4630d86f4121b1,BorrowingsByName=SeriesE;,0
0x5740aa490c6a4a2dfc658f4e2880dc01,TemporaryDifferenceUnusedTaxLossesAndUnusedTaxCredits=Unusedtaxexpiry2039;,0
0x39f935d70fa4eb576adc1e2b6ea3a6a6,CategoriesOfFinancialLiabilities=FinancialLiabilitiesAtFairValueThroughProfitOrLossDesignatedUponInitialRecognitionCategory;ClassesOfFinancialAssets=UraniumContracts;,0
0x6819b778a6940a2bd24df97cb48e8024,GeographicalAreas=US;TemporaryDifferenceUnusedTaxLossesAndUnusedTaxCredits=Unusedtaxexpiry2038;,0
0x68c42fb650d49ba83e7748171705243e,TemporaryDifferenceUnusedTaxLossesAndUnusedTaxCredits=Unusedtaxexpiry203;,0
0x7bd15230baa27eb9f308d00ba1031726,BorrowingsByName=SeriesD;,0
0x61a4c7c129cd73e0ad9d828e7816a05e,ClassesOfContingentLiabilities=ContingentPenaltiesCashTaxesTransferPricing;ClassesOfProvisions=MiscellaneousOtherProvisions;IncomeTaxAuthority=CanadianRevenueAgency;Range=TopOfRange;,0
0x961a369fd17ebf65974266010912cd3d,GeographicalAreas=US;TemporaryDifferenceUnusedTaxLossesAndUnusedTaxCredits=Unusedtaxexpiry2039;,0
0x7e8acb832eae493cb1c4dae84856deff,ClassesOfFinancialAssets=UraniumContracts;LevelsOfFairValueHierarchy=AtFairValue;,0
0x9c29275c4b75791278e8c3d886404871,ClassesOfProvisions=MiscellaneousOtherProvisions;IncomeTaxAuthority=CanadianRevenueAgency;,0
0xab47c3dca30e0a59c4e38fb9aa56efe8,GeographicalAreas=US;TemporaryDifferenceUnusedTaxLossesAndUnusedTaxCredits=Unusedtaxexpiry2040;,0
0xbb868c1f34035f0068c6b1fd4c225517,ClassesOfContingentLiabilities=ContingentPenaltiesCashTaxesTransferPricing;ClassesOfProvisions=MiscellaneousOtherProvisions;IncomeTaxAuthority=CanadianRevenueAgency;Range=BottomOfRange;,0
0x98acee5168a699f9d56d86077ba12e23,ClassesOfContingentLiabilities=ContingentPenaltiesHalfOfCashTaxesTransferPricing;ClassesOfProvisions=MiscellaneousOtherProvisions;IncomeTaxAuthority=CanadianRevenueAgency;Range=TopOfRange;,0
0x9a5de7ce420077bf9bbe9dec346c6a04,ClassesOfProvisions=MiscellaneousOtherProvisions;IncomeTaxAuthority=CanadianRevenueAgency;Range=TopOfRange;,0
0xbfb95cc36cc7d8ee56e0bb6f6a9fc5a8,ClassesOfContingentLiabilities=ContingentPenaltiesHalfOfCashTaxesTransferPricing;ClassesOfProvisions=MiscellaneousOtherProvisions;IncomeTaxAuthority=CanadianRevenueAgency;Range=BottomOfRange;,0
0xc23223f1a50c33eb445081eeb26eb95d,GeographicalAreas=ForeignCountries;TemporaryDifferenceUnusedTaxLossesAndUnusedTaxCredits=Unusedtaxexpiry2038;,0
0xb347b1c69e3e492c6652b5d2c5698af5,ClassesOfContingentLiabilities=ContingentPenaltiesTransferPricing;IncomeTaxAuthority=CanadianRevenueAgency;,0
0xbcf264d46ca2007a6d6572631d983a0e,GeographicalAreas=US;TemporaryDifferenceUnusedTaxLossesAndUnusedTaxCredits=Unusedtaxexpiry203;,0
0xe96fb2f0b23058baa826d4de2ccef943,TemporaryDifferenceUnusedTaxLossesAndUnusedTaxCredits=Unusedtaxexpiry2040;,0
0xfc6bb4446e0854c4a45c520532cd3678,GeographicalAreas=ForeignCountries;TemporaryDifferenceUnusedTaxLossesAndUnusedTaxCredits=Unusedtaxexpiry2040;,0
0xdc094c7064da7aed8309d72214ae7769,ClassesOfProvisions=MiscellaneousOtherProvisions;IncomeTaxAuthority=CanadianRevenueAgency;Range=BottomOfRange;,0
0xdd39a46ac9d559d81a4472bf5b983c25,GeographicalAreas=ForeignCountries;TemporaryDifferenceUnusedTaxLossesAndUnusedTaxCredits=Unusedtaxexpiry2039;,0
0xf9bd708fdbf4ddfc4a05d8f112ffe904,ClassesOfFinancialAssets=UraniumContracts;LevelsOfFairValueHierarchy=Level2OfFairValueHierarchy;,0
0xf131f6ab09d865640fbf9a75c29a10c0,ClassesOfFinancialAssets=UraniumContracts;,0
0xf33d0db4315844ada1c9cad0f367ee98,ClassesOfFinancialAssets=InterestRateSwapContract;LevelsOfFairValueHierarchy=AtFairValue;,0
0xfe0f156b4c8bb68bd085e28c7ebde66f,TemporaryDifferenceUnusedTaxLossesAndUnusedTaxCredits=Unusedtaxexpiry2038;,0
0xb09fedb03b00e3c08b68f44f77c20569,CategoriesOfFinancialAssets=InvestmentsInEquityInstrumentsMeasuredAtFairValueThroughOtherComprehensiveIncome;,0
0x0bc9788629611d4dec6fc84d00ab1432,GeographicalAreas=CA;TemporaryDifferenceUnusedTaxLossesAndUnusedTaxCredits=Unusedtaxexpiry2040;,0
0x2bbdd8905a06ef6121c7722646631e4d,ActuarialAssumptions=ActuarialAssumptionOfExpectedRatesOfSalaryIncreases;DefinedBenefitPlans=PensionDefinedBenefitPlans;,0
0x411f12986beb909b8b9f3298917d2d77,Maturity=LaterThanFourYearsAndNotLaterThanFiveYears;Segments=OtherSegment;,0
0x3504bbd9af5c1f51da2023277691ba0a,BorrowingsByName=SeriesESeniorUnsecuredDebenture;ClassesOfFinancialAssets=InterestRateSwapContract;TypesOfInterestRates=FloatingInterestRate;TypesOfRisks=InterestRateRisk;,0
0x593276f352feee51427c0afe9d67140d,GeographicalAreas=CA;TemporaryDifferenceUnusedTaxLossesAndUnusedTaxCredits=Unusedtaxexpiry203;,0
0x499409ab74187a4e02dcd2a42ffb11ac,Maturity=LaterThanTwoYearsAndNotLaterThanThreeYears;Segments=OtherSegment;,0
0x59a6ffdb04b241df22036e2b5978d33e,Maturity=NotLaterThanOneYear;Segments=OtherSegment;,0
0x707129861b84a49550e39fb1b858ee49,RangesOfExercisePricesForOutstandingShareOptions=PriceRange11Dollars32CentsTo17Dollars84Cents;,0
0x89b224f2ecc8a200d13d763a1fef75a0,ClassesOfFinancialAssets=Denison;,0
0x9797954a88e67c86f9f511c5b3657c49,BorrowingsByName=SeriesESeniorUnsecuredDebenture;ClassesOfFinancialAssets=InterestRateSwapContract;TypesOfInterestRates=FixedInterestRate;TypesOfRisks=InterestRateRisk;,0
0xafa646f53309aca0ed01d0c1262d8c9d,GeographicalAreas=CA;TemporaryDifferenceUnusedTaxLossesAndUnusedTaxCredits=Unusedtaxexpiry2038;,0
0x9652b9f5abba61dbf2925923169cd10a,Maturity=LaterThanThreeYearsAndNotLaterThanFourYears;Segments=OtherSegment;,0
0xa2ced3d99e76d537be0340c3f2384816,RangesOfExercisePricesForOutstandingShareOptions=PriceRange17Dollars85CentsTo39Dollars53Cents;,0
0xd6934db511f59c9daac213dfbc4dafa2,MajorCustomers=OneMajorCustomerOfCamecoAllSegments;,0
0xd771fce4ab542c35d8781167c197a0a5,ClassesOfFinancialAssets=GoviEx;,0
0xa879edd4e8e54ca5aae8fee15536600b,GeographicalAreas=CA;TemporaryDifferenceUnusedTaxLossesAndUnusedTaxCredits=Unusedtaxexpiry2039;,0
0xe067dbad88bffa758b5f4f32fbaa4649,ProductsAndServices=Uranium;,0
0xf888ef597941fdf8f7dab6710360752f,Maturity=LaterThanFiveYears;Segments=OtherSegment;,0
0xffebee4729af86167f04337cee244556,ClassesOfFinancialAssets=UEX;,0
0xecb6b752fbe7f4fbbc8c6c6118cd9a4e,Maturity=LaterThanOneYearAndNotLaterThanTwoYears;Segments=OtherSegment;,0
0xee59808f87e9133a2eccd11a0d239101,BorrowingsByName=SeriesESeniorUnsecuredDebenture;ClassesOfFinancialAssets=InterestRateSwapContract;TypesOfRisks=InterestRateRisk;,0
0x1925ef40e7799f1c4df58c19cb970ebd,Range=BottomOfRange;Segments=FuelServices;,0
0x164bda70a7aedf0e96bdc5163573bc3f,Range=TopOfRange;Segments=FuelServices;,0
0xdb5da1ad7ca31a2235297edaeb9e73dc,ClassesOfFinancialAssets=ISOEnergy;,0
0xcb41e574b7abd1dccc998286eecbd100,Range=Range;Segments=FuelServices;,0
0x4bc61342336e5dee7e2921963684ded4,BorrowingsByName=ProductLoan;ProductsAndServices=Uranium;Range=Range;,0
0x418773ccaf2a98009708c9bc10d0ccdf,BorrowingsByName=ProductLoan;ProductsAndServices=Uf6;Range=Range;,0
0x990e3b134c70604ed9dc7e20baf09f8f,JointOperations=CigarLake;Segments=Uranium;,0
0xd92865bfe353368a9c822e774f108f1c,ClassesOfFinancialAssets=EquityInvestments;,0
0x98de760f8df94c4f376e6e308722b480,Range=BottomOfRange;RangesOfExercisePricesForOutstandingShareOptions=PriceRange11Dollars32CentsTo17Dollars84Cents;,0
0xfd64deb2f25ac2605767407a3c9a551b,Range=TopOfRange;RangesOfExercisePricesForOutstandingShareOptions=PriceRange17Dollars85CentsTo39Dollars53Cents;,0
0x2ba5af513eafa5c250b9eb99295ae9ef,Range=TopOfRange;RangesOfExercisePricesForOutstandingShareOptions=PriceRange11Dollars32CentsTo17Dollars84Cents;,0
0x8a45bf2ed70eb2f5683552d6449710a0,Range=BottomOfRange;RangesOfExercisePricesForOutstandingShareOptions=PriceRange17Dollars85CentsTo39Dollars53Cents;,0
0xdcf59e7fb94af8030390d5b831a0568b,RangesOfExercisePricesForOutstandingShareOptions=PriceRange15Dollars84CentsTo19Dollars30Cents;,0
0x30b583e59289f4690d0cea3c57be3bd3,CategoriesOfRelatedParties=JointControlOrSignificantInfluence;SignificantInvestmentsInAssociates=WestinghouseElectricCompany;,0
0x63b83f9225db3ac36c98769a4254f005,BorrowingsByName=ProductLoan;Maturity=LaterThanThreeYearsAndNotLaterThanFourYears;ProductsAndServices=Uranium;,0
0xb6c55d78c5b4c2c2130a1ef03535c5c9,CategoriesOfFinancialAssets=FinancialAssetsAtAmortisedCostCategory;ClassesOfFinancialAssets=InterestRateSwapContract;,0
0xd4f5a454e7cfb1efca740683e22e16c5,BorrowingsByName=TermLoanTrancheOne;Maturity=LaterThanOneYearAndNotLaterThanTwoYears;SignificantInvestmentsInAssociates=WestinghouseElectricCompany;,0
0xf4e320426c709083b20a0f7962bfeb59,Range=TopOfRange;RangesOfExercisePricesForOutstandingShareOptions=PriceRange15Dollars84CentsTo19Dollars30Cents;,0
0x0317461f99959dea4e3bf6ba676bc608,BorrowingsByName=TermLoan;SignificantInvestmentsInAssociates=WestinghouseElectricCompany;,0
0xdd742ae46333a4203e29df27f6e01043,BorrowingsByName=BridgeLoanFacility;Maturity=NotLaterThanOneYear;SignificantInvestmentsInAssociates=WestinghouseElectricCompany;,0
0xe914ea18c872e3e4d84ace2bd33ced39,BorrowingsByName=TermLoanTrancheTwo;Maturity=LaterThanTwoYearsAndNotLaterThanThreeYears;SignificantInvestmentsInAssociates=WestinghouseElectricCompany;,0
0x8c85e1ea0ee66acef69d1f89d110e1ed,BorrowingsByName=ProductLoan;Maturity=LaterThanThreeYearsAndNotLaterThanFourYears;ProductsAndServices=Uf6;,0
0x4e29dc34803a45a58c8ce4577c30c98f,ClassesOfFinancialInstruments=ShortTermInvestments;TypesOfRisks=CurrencyRisk;,0
0x241ce9d5e3dac8c8c0cb2f2ef7606336,Range=BottomOfRange;RangesOfExercisePricesForOutstandingShareOptions=PriceRange15Dollars84CentsTo19Dollars30Cents;,0
0x939c8494f689e494a963e24bc988482d,TypesOfRisks=CommodityPriceRisk;,0
0x0101f636e1eeb236f2dabf42559ce1df,GeographicalAreas=CountryOfDomicile;,0
0x17ee725d1a7739518b2de6c1ad02667f,CarryingAmountAccumulatedDepreciationAmortisationAndImpairmentAndGrossCarryingAmount=GrossCarryingAmount;ClassesOfIntangibleAssetsAndGoodwill=Goodwill;,0
0x80c216b571e156a3b04e60a134f302aa,ClassesOfIntangibleAssetsAndGoodwill=Goodwill;,0
0x85bfd818c15a99e512bad82afe647303,CategoriesOfFinancialAssets=FinancialAssetsAvailableforsaleCategory;,0
0x986e83513f8226119fd92b58f72f6b7d,ClassesOfIntangibleAssetsAndGoodwill=CopyrightsPatentsAndOtherIndustrialPropertyRightsServiceAndOperatingRights;,0
0xc546d438d2c6f0783903076e673a89cf,CarryingAmountAccumulatedDepreciationAmortisationAndImpairmentAndGrossCarryingAmount=GrossCarryingAmount;ClassesOfIntangibleAssetsAndGoodwill=CopyrightsPatentsAndOtherIndustrialPropertyRightsServiceAndOperatingRights;,0
0x73e3a113f8ce9fce63f53123fd04408b,CategoriesOfFinancialAssets=LoansAndReceivablesCategory;,0
0x6e1e3cb1ec1d382dd088a389566bd249,CategoriesOfRelatedParties=Parent;,0
0x6f0c8751cb6656fc451aaf0e4e45a679,DefinedBenefitPlans=DomesticDefinedBenefitPlans;,0
0xbcc49121027db98254b2091e2d4c1675,ClassesOfFinancialLiabilities=DividendsPayable;,0
0x63291ce87b7d1de884aaef7e9d72562d,DefinedBenefitPlans=DomesticDefinedBenefitPlans;NetDefinedBenefitLiabilityAsset=PresentValueOfDefinedBenefitObligation;,0
0xc368968123a71e8b04bdd8ccdf6da9b5,DefinedBenefitPlans=DomesticDefinedBenefitPlans;NetDefinedBenefitLiabilityAsset=PlanAssets;,0
0x645666fee3ad681c5ba91ac124d43cb5,ActuarialAssumptions=ActuarialAssumptionOfDiscountRates;DefinedBenefitPlans=DomesticDefinedBenefitPlans;,0
0xcd688886d7055986fb8ee2069a18692c,CarryingAmountAccumulatedDepreciationAmortisationAndImpairmentAndGrossCarryingAmount=AccumulatedDepreciationAmortisationAndImpairment;ClassesOfIntangibleAssetsAndGoodwill=Goodwill;,0
0x0ac46f283e60569e1bccc5a1d85512ce,ActuarialAssumptions=ActuarialAssumptionOfExpectedRatesOfSalaryIncreases;DefinedBenefitPlans=DomesticDefinedBenefitPlans;,0
0x3195d8f63c598a9b92476763d735b38f,ClassesOfFinancialInstruments=TradeReceivables;Currency=USD;TypesOfRisks=CurrencyRisk;,0
0x003b87912a36aa596efa384c011d3a48,BorrowingsByName=SeriesDSeniorUnsecuredDebenture;ClassesOfFinancialAssets=InterestRateSwapContract;TypesOfInterestRates=FixedInterestRate;TypesOfRisks=InterestRateRisk;,0
0x0557b36c4a8b444c11635923424feb54,ClassesOfFinancialLiabilities=DividendsPayable;Maturity=LaterThanFiveYears;,0
0x0585d39cc4f4328335d7fc5425e1b4e1,GeographicalAreas=CountryOfDomicile;TemporaryDifferenceUnusedTaxLossesAndUnusedTaxCredits=Unusedtaxexpiry2038;,0
0x114b1f081b8b6dc009902ddfd717d722,ClassesOfFinancialLiabilities=OtherDerivativeLiabilities;Maturity=LaterThanThreeMonthsAndNotLaterThanOneYear;,0
0x15a562cef4e1d596703e00b2b4974d93,ClassesOfFinancialAssets=SharePurchaseOptions;,0
0x1b66a80d87af8c8d70ad56ac6066ed8e,ClassesOfFinancialAssets=SharePurchaseOptions;LevelsOfFairValueHierarchy=Level2OfFairValueHierarchy;,0
0x24df9c6c7b98ed2a4b269a20ea41dff5,GeographicalAreas=CountryOfDomicile;TemporaryDifferenceUnusedTaxLossesAndUnusedTaxCredits=Unusedtaxexpiry2040;,0
0x1dc5e335d8bb3b3183a1eac93b8aa406,GeographicalAreas=CountryOfDomicile;TemporaryDifferenceUnusedTaxLossesAndUnusedTaxCredits=UnusedTaxExpiryNoExpiry;,0
0x2f705a6142bd98999b48db106fa4899b,BorrowingsByName=SeriesDSeniorUnsecuredDebenture;ClassesOfFinancialAssets=InterestRateSwapContract;TypesOfRisks=InterestRateRisk;,0
0x30866d5cd2179c53d07eaccf0bc02b96,CategoriesOfFinancialLiabilities=Financialliabilitiesothercategorymember;,0
0x0e64695d21c5013ccd053396ca69d90f,RangesOfExercisePricesForOutstandingShareOptions=PriceRange21Dollars58CentsTo54Dollars38Cents;,0
0x05a287d419bfec2f8780184a0f328238,ClassesOfFinancialLiabilities=OtherDerivativeLiabilities;Maturity=LaterThanThreeYearsAndNotLaterThanFiveYears;,0
0x28032829af87e182efc4cfabab63833e,ClassesOfFinancialInstruments=NetForeignCurrencyDerivatives;Currency=USD;TypesOfRisks=CurrencyRisk;,0
0x59011c9ff4c8c9739678ca118b52162c,CategoriesOfRelatedParties=KeyManagementPersonnelOfEntityOrParentNonResident;Range=TopOfRange;,0
0x5b503e0f6815d22855f536499c1e3717,ClassesOfAssets=GlobalEquitySecurities;DefinedBenefitPlans=DomesticDefinedBenefitPlans;,0
0x3ac7c50cd7747d105ef0cf37946d6c47,CategoriesOfRelatedParties=JointControlOrSignificantInfluence;NonadjustingEventsAfterReportingPeriod=AnnouncingOrCommencingImplementationOfMajorRestructuring;,0
0x490b6b856599a2d483386eaf266c3666,GeographicalAreas=CountryOfDomicile;TemporaryDifferenceUnusedTaxLossesAndUnusedTaxCredits=UnusedTaxExpiry2030;,0
0x4d8e73a00c408a3464456d04c81c60c9,ClassesOfFinancialLiabilities=DividendsPayable;Maturity=LaterThanThreeMonthsAndNotLaterThanOneYear;,0
0x4e8dcf118a86a10a74c20d2d03eda368,CarryingAmountAccumulatedDepreciationAmortisationAndImpairmentAndGrossCarryingAmount=AccumulatedDepreciationAmortisationAndImpairment;IndividualAssetsOrCashgeneratingUnits=Kintyre;Segments=Uranium;,0
0x69d28dea506666c2103f5a7b63d03424,GeographicalAreas=CountryOfDomicile;TemporaryDifferenceUnusedTaxLossesAndUnusedTaxCredits=UnusedTaxExpiry2033;,0
0x7bfeb662f8e66fb38d227655c2e35192,Segments=Nukem;,0
0x4145bc373fcb9c934e19d9e4e8ddf3c3,GeographicalAreas=CountryOfDomicile;TemporaryDifferenceUnusedTaxLossesAndUnusedTaxCredits=UnusedTaxExpiry2034;,0
0x45bb09388c273548892d7fd376e5eb6f,ClassesOfFinancialAssets=SharePurchaseOptions;LevelsOfFairValueHierarchy=AtFairValue;,0
0x4786a2766c06c9e8e8872a0a8679b53a,GeographicalAreas=CountryOfDomicile;TemporaryDifferenceUnusedTaxLossesAndUnusedTaxCredits=UnusedTaxExpiry2036;,0
0x9180f101f2132cfe8437c2820f64459a,ClassesOfAssets=CanadianFixedIncome;DefinedBenefitPlans=DomesticDefinedBenefitPlans;,0
0x6d5996c7391cf590c6ab639edf17a334,ClassesOfFinancialInstruments=AccountsPayableAndAccruedLiabilities;Currency=USD;TypesOfRisks=CurrencyRisk;,0
0x5c3f21877752d562e40bdb2f1e26d918,CarryingAmountAccumulatedDepreciationAmortisationAndImpairmentAndGrossCarryingAmount=AccumulatedDepreciationAmortisationAndImpairment;ClassesOfIntangibleAssetsAndGoodwill=CopyrightsPatentsAndOtherIndustrialPropertyRightsServiceAndOperatingRights;,0
0x5e0afeeaabe0de4fe134b41d52886fea,CategoriesOfRelatedParties=KeyManagementPersonnelOfEntityOrParentResident;Range=BottomOfRange;,0
0x8907c926f38d1d742df2c98980e300f4,ClassesOfFinancialInstruments=AdvancesReceivableFromInkai;TypesOfRisks=InterestRateRisk;,0
0x9e13882ab1caa86411544b6b31c5ae46,ClassesOfFinancialLiabilities=OtherDerivativeLiabilities;Maturity=LaterThanFiveYears;,0
0x92eca7eab5de9aa7a1e9891d87f3b59b,CarryingAmountAccumulatedDepreciationAmortisationAndImpairmentAndGrossCarryingAmount=GrossCarryingAmount;IndividualAssetsOrCashgeneratingUnits=Inkai;Segments=Uranium;,0
0x948fc5e81fd59a0b1d333a81069947d4,CarryingAmountAccumulatedDepreciationAmortisationAndImpairmentAndGrossCarryingAmount=AccumulatedDepreciationAmortisationAndImpairment;ClassesOfIntangibleAssetsAndGoodwill=Goodwill;IndividualAssetsOrCashgeneratingUnits=Nukemcgu;,0
0x96043b56eeedf5b566017a3011cd0041,RangesOfExercisePricesForOutstandingShareOptions=PriceRange16Dollars38CentsTo21Dollars57Cents;,0
0x7ddf72443daf9399c379edf9665b411c,ClassesOfFinancialLiabilities=DividendsPayable;Maturity=LaterThanThreeYearsAndNotLaterThanFiveYears;,0
0x7e48cbaecd61ac14956743a99a4fde9b,CarryingAmountAccumulatedDepreciationAmortisationAndImpairmentAndGrossCarryingAmount=AccumulatedDepreciationAmortisationAndImpairment;IndividualAssetsOrCashgeneratingUnits=UsOperations;Segments=Uranium;,0
0xb2303e0186a0074068bd0fceaad9b267,ClassesOfFinancialInstruments=LongTermReceivablesInvestmentsOther;Currency=USD;TypesOfRisks=CurrencyRisk;,0
0x82923669cbc185a99da76288289bbac7,CarryingAmountAccumulatedDepreciationAmortisationAndImpairmentAndGrossCarryingAmount=AccumulatedDepreciationAmortisationAndImpairment;ClassesOfPropertyPlantAndEquipment=ConstructionInProgress;IndividualAssetsOrCashgeneratingUnits=McArthurRiverKeyLakeOperations;Segments=Uranium;,0
0x9bdeffbcb271df549b470c361fd7806f,IndividualAssetsOrCashgeneratingUnits=RabbitLakeMember;LevelsOfFairValueHierarchy=Level3OfFairValueHierarchy;Measurement=NonrecurringFairValueMeasurement;Segments=Uranium;,0
0x9cb631fe4f67ec0bf944cac53f6535d8,ClassesOfFinancialInstruments=CashAndCashEquivalents;Currency=USD;TypesOfRisks=CurrencyRisk;,0
0xa41e23ed0e2ad4b1bb367832aaa44805,ClassesOfFinancialInstruments=CashAndCashEquivalents;Currency=EUR;TypesOfRisks=CurrencyRisk;,0
0xaa7749a218240fc598bcb61d64732236,GeographicalAreas=CountryOfDomicile;TemporaryDifferenceUnusedTaxLossesAndUnusedTaxCredits=UnusedTaxExpiry2031;,0
0xabc3797284f3d7de0c3cdabe49aa8aee,CarryingAmountAccumulatedDepreciationAmortisationAndImpairmentAndGrossCarryingAmount=AccumulatedDepreciationAmortisationAndImpairment;ClassesOfIntangibleAssetsAndGoodwill=CopyrightsPatentsAndOtherIndustrialPropertyRightsServiceAndOperatingRights;IndividualAssetsOrCashgeneratingUnits=UfpInvestments;,0
0xac0c5513024a48c1f2fb4cd0894cac4b,ClassesOfFinancialInstruments=TradeReceivables;Currency=KZT;TypesOfRisks=CurrencyRisk;,0
0xbd66dc837ac15a7424750078f2949ab0,CarryingAmountAccumulatedDepreciationAmortisationAndImpairmentAndGrossCarryingAmount=AccumulatedDepreciationAmortisationAndImpairment;IndividualAssetsOrCashgeneratingUnits=RabbitLakeMember;Segments=Uranium;,0
0xb7e0de255c46b15a0d8696a067ce8679,GeographicalAreas=CountryOfDomicile;TemporaryDifferenceUnusedTaxLossesAndUnusedTaxCredits=Unusedtaxexpiry203;,0
0xcd1414838fe11ee8a6bef83d190fc54b,JointOperations=Inkai;,0
0xb9e87bdb361de98e70540691cd21ff6a,ClassesOfAssets=OtherAssets;DefinedBenefitPlans=DomesticDefinedBenefitPlans;,0
0xbababbdb3b854d1d7ae62266bfb4db48,BorrowingsByName=SeriesDSeniorUnsecuredDebenture;ClassesOfFinancialAssets=InterestRateSwapContract;TypesOfInterestRates=FloatingInterestRate;TypesOfRisks=InterestRateRisk;,0
0xb28e1f3bba449e21e4421dce60f01ad2,CategoriesOfRelatedParties=RelatedParties;DefinedBenefitPlans=DomesticDefinedBenefitPlans;,0
0xd2d857cf36ea86323fd480124f930395,GeographicalAreas=CountryOfDomicile;TemporaryDifferenceUnusedTaxLossesAndUnusedTaxCredits=UnusedTaxExpiry2035;,0
0xb33e5c629b8a844d834c98e8bbe8ab59,ActuarialAssumptions=ActuarialAssumptionOfLifeExpectancyAfterRetirement;DefinedBenefitPlans=DomesticDefinedBenefitPlans;,0
0xc473a89b4e73fef64e2da19c3b4191ca,CarryingAmountAccumulatedDepreciationAmortisationAndImpairmentAndGrossCarryingAmount=AccumulatedDepreciationAmortisationAndImpairment;ClassesOfIntangibleAssetsAndGoodwill=CustomerrelatedIntangibleAssets;IndividualAssetsOrCashgeneratingUnits=Nukemcgu;Maturity=NotLaterThanOneYear;,0
0xeac8957e702a770d42a54e3ac5d80226,GeographicalAreas=CountryOfDomicile;TemporaryDifferenceUnusedTaxLossesAndUnusedTaxCredits=UnusedTaxExpiry2032;,0
0xd6a892eff00abbff14df98828d6b18c3,IndividualAssetsOrCashgeneratingUnits=UsOperations;LevelsOfFairValueHierarchy=Level3OfFairValueHierarchy;Measurement=NonrecurringFairValueMeasurement;Segments=Uranium;,0
0xe4202d3c8e57c306b0e5074c07fa75ae,ClassesOfFinancialLiabilities=DividendsPayable;Maturity=LaterThanOneYearAndNotLaterThanThreeYears;,0
0xeb2599e9ebc80b62103ec3f18f61e487,ClassesOfFinancialLiabilities=OtherDerivativeLiabilities;,0
0xec618a98734bd232082aa1b8d8e4016b,CategoriesOfRelatedParties=JointVenturesWhereEntityIsVenturer;NonadjustingEventsAfterReportingPeriod=AnnouncingOrCommencingImplementationOfMajorRestructuring;,0
0xdb400bf9b3e7e5c062455ad81e4f8161,GeographicalAreas=CountryOfDomicile;TemporaryDifferenceUnusedTaxLossesAndUnusedTaxCredits=Unusedtaxexpiry2039;,0
0xfbefdb8273eabf9b60a02bbc176776c5,ClassesOfFinancialLiabilities=OtherDerivativeLiabilities;Maturity=LaterThanOneYearAndNotLaterThanThreeYears;,0
0xfcf4037e016afb49685020bec4dea69f,SignificantInvestmentsInSubsidiaries=NukemInvestmentsGmbh;,0
0xfe30ea7d417fd266a98f9873cc55e785,ClassesOfAssets=CanadianEquitySecurities;DefinedBenefitPlans=DomesticDefinedBenefitPlans;,0
0x10ad8eeb11c10eebd57819a4259bd930,IndividualAssetsOrCashgeneratingUnits=McArthurRiverKeyLakeOperations;Segments=Uranium;,0
0x152df5fbc717ce05ee9060ecc2f4e9bf,IndividualAssetsOrCashgeneratingUnits=NukemCgu;Segments=OtherSegment;,0
0x45ca55f839ae2e8dcaf8810c8ff06b70,ClassesOfFinancialInstruments=LongTermReceivablesInvestmentsOther;TypesOfRisks=CurrencyRisk;,0
0x50322e9b439b6861f69c7d1fcbede424,ClassesOfIntangibleAssetsAndGoodwill=Goodwill;IndividualAssetsOrCashgeneratingUnits=NukemCgu;,0
0x6519d9acf063038c62a5712f1a028309,IndividualAssetsOrCashgeneratingUnits=Inkai;Segments=Uranium;,0
0x85decc8988a2ea7f4e36102f54307d82,ClassesOfFinancialAssets=OtherEquityInvestments;,0
0xbb86e73112aec618c9bebdfb18fcc068,Currency=USD;Segments=ReportableSegments;,0
0x98a26fc20ca6c902121d6e8b6c07518e,IndividualAssetsOrCashgeneratingUnits=UsOperations;Segments=Uranium;,0
0xa56e513cb8864a51def6b6eeb759fdc3,ClassesOfIntangibleAssetsAndGoodwill=CopyrightsPatentsAndOtherIndustrialPropertyRightsServiceAndOperatingRights;IndividualAssetsOrCashgeneratingUnits=UfpInvestments;,0
